date,AAPL,AMZN,GOOG,MSFT
02jan2018,172.2599945068359,1189.010009765625,1065,85.94999694824219
03jan2018,172.2299957275391,1204.199951171875,1082.47998046875,86.34999847412109
04jan2018,173.0299987792969,1209.589965820313,1086.400024414063,87.11000061035156
05jan2018,175,1229.140014648438,1102.22998046875,88.19000244140625
08jan2018,174.3500061035156,1246.869995117188,1106.93994140625,88.27999877929688
09jan2018,174.3300018310547,1252.699951171875,1106.260009765625,88.22000122070313
10jan2018,174.2899932861328,1254.329956054688,1102.609985351563,87.81999969482422
11jan2018,175.2799987792969,1276.680053710938,1105.52001953125,88.08000183105469
12jan2018,177.0899963378906,1305.199951171875,1122.260009765625,89.59999847412109
16jan2018,176.1900024414063,1304.859985351563,1121.760009765625,88.34999847412109
17jan2018,179.1000061035156,1295,1131.97998046875,90.13999938964844
18jan2018,179.2599945068359,1293.319946289063,1129.7900390625,90.09999847412109
19jan2018,178.4600067138672,1294.579956054688,1137.510009765625,90
22jan2018,177,1327.31005859375,1155.81005859375,91.61000061035156
23jan2018,177.0399932861328,1362.5400390625,1169.969970703125,91.90000152587891
24jan2018,174.2200012207031,1357.510009765625,1164.239990234375,91.81999969482422
25jan2018,171.1100006103516,1377.949951171875,1170.369995117188,92.33000183105469
26jan2018,171.5099945068359,1402.050048828125,1175.839965820313,94.05999755859375
29jan2018,167.9600067138672,1417.680053710938,1175.579956054688,93.91999816894531
30jan2018,166.9700012207031,1437.819946289063,1163.68994140625,92.73999786376953
31jan2018,167.4299926757813,1450.890014648438,1169.93994140625,95.01000213623047
01feb2018,167.7799987792969,1390,1167.699951171875,94.26000213623047
02feb2018,160.5,1429.949951171875,1111.900024414063,91.77999877929688
05feb2018,156.4900054931641,1390,1055.800048828125,88
06feb2018,163.0299987792969,1442.839965820313,1080.599975585938,91.33000183105469
07feb2018,159.5399932861328,1416.780029296875,1048.579956054688,89.61000061035156
08feb2018,155.1499938964844,1350.5,1001.52001953125,85.01000213623047
09feb2018,156.4100036621094,1339.599975585938,1037.780029296875,88.18000030517578
12feb2018,162.7100067138672,1386.22998046875,1051.93994140625,89.12999725341797
13feb2018,164.3399963378906,1414.510009765625,1052.099975585938,89.83000183105469
14feb2018,167.3699951171875,1451.050048828125,1069.699951171875,90.80999755859375
15feb2018,172.9900054931641,1461.760009765625,1089.52001953125,92.66000366210938
16feb2018,172.4299926757813,1448.68994140625,1094.800048828125,92
20feb2018,171.8500061035156,1468.349975585938,1102.4599609375,92.72000122070313
21feb2018,171.0700073242188,1482.920043945313,1111.339965820313,91.48999786376953
22feb2018,172.5,1485.339965820313,1106.630004882813,91.73000335693359
23feb2018,175.5,1500,1126.7900390625,94.05999755859375
26feb2018,178.9700012207031,1521.949951171875,1143.75,95.41999816894531
27feb2018,178.3899993896484,1511.97998046875,1118.2900390625,94.19999694824219
28feb2018,178.1199951171875,1512.449951171875,1104.72998046875,93.76999664306641
01mar2018,175,1493.449951171875,1069.52001953125,92.84999847412109
02mar2018,176.2100067138672,1500.25,1078.920043945313,93.05000305175781
05mar2018,176.8200073242188,1523.609985351563,1090.930053710938,93.63999938964844
06mar2018,176.6699981689453,1537.640014648438,1095.06005859375,93.31999969482422
07mar2018,175.0299987792969,1545,1109.640014648438,93.86000061035156
08mar2018,176.9400024414063,1551.859985351563,1126,94.43000030517578
09mar2018,179.9799957275391,1578.890014648438,1160.0400390625,96.54000091552734
12mar2018,181.7200012207031,1598.390014648438,1164.5,96.76999664306641
13mar2018,179.9700012207031,1588.180053710938,1138.170043945313,94.41000366210938
14mar2018,178.4400024414063,1591,1149.489990234375,93.84999847412109
15mar2018,178.6499938964844,1582.319946289063,1149.579956054688,94.18000030517578
16mar2018,178.0200042724609,1571.680053710938,1135.72998046875,94.59999847412109
19mar2018,175.3000030517578,1544.930053710938,1099.819946289063,92.88999938964844
20mar2018,175.2400054931641,1586.510009765625,1097.7099609375,93.12999725341797
21mar2018,171.2700042724609,1581.859985351563,1090.880004882813,92.48000335693359
22mar2018,168.8500061035156,1544.920043945313,1049.079956054688,89.79000091552734
23mar2018,164.9400024414063,1495.56005859375,1021.570007324219,87.18000030517578
26mar2018,172.7700042724609,1555.859985351563,1053.2099609375,93.77999877929688
27mar2018,168.3399963378906,1497.050048828125,1005.099975585938,89.47000122070313
28mar2018,166.4799957275391,1431.420043945313,1004.559997558594,89.38999938964844
29mar2018,167.7799987792969,1447.339965820313,1031.7900390625,91.26999664306641
02apr2018,166.6799926757813,1371.989990234375,1006.469970703125,88.51999664306641
03apr2018,168.3899993896484,1392.050048828125,1013.409973144531,89.70999908447266
04apr2018,171.6100006103516,1410.569946289063,1025.140014648438,92.33000183105469
05apr2018,172.8000030517578,1451.75,1027.81005859375,92.37999725341797
06apr2018,168.3800048828125,1405.22998046875,1007.039978027344,90.23000335693359
09apr2018,170.0500030517578,1406.079956054688,1015.450012207031,90.76999664306641
10apr2018,173.25,1436.219970703125,1031.640014648438,92.87999725341797
11apr2018,172.4400024414063,1427.050048828125,1019.969970703125,91.86000061035156
12apr2018,174.1399993896484,1448.5,1032.510009765625,93.58000183105469
13apr2018,174.7299957275391,1430.7900390625,1029.27001953125,93.08000183105469
16apr2018,175.8200073242188,1441.5,1037.97998046875,94.16999816894531
17apr2018,178.2400054931641,1503.829956054688,1074.160034179688,96.06999969482422
18apr2018,177.8399963378906,1527.839965820313,1072.079956054688,96.44000244140625
19apr2018,172.8000030517578,1556.910034179688,1087.699951171875,96.11000061035156
20apr2018,165.7200012207031,1527.489990234375,1072.9599609375,95
23apr2018,165.2400054931641,1517.859985351563,1067.449951171875,95.34999847412109
24apr2018,162.9400024414063,1460.089965820313,1019.97998046875,93.12000274658203
25apr2018,163.6499938964844,1460.170043945313,1021.179992675781,92.30999755859375
26apr2018,164.2200012207031,1517.9599609375,1040.0400390625,94.26000213623047
27apr2018,162.3200073242188,1572.619995117188,1030.050048828125,95.81999969482422
30apr2018,165.2599945068359,1566.130004882813,1017.330017089844,93.51999664306641
01may2018,169.1000061035156,1582.260009765625,1037.31005859375,95
02may2018,176.5700073242188,1569.680053710938,1024.380004882813,93.51000213623047
03may2018,176.8899993896484,1572.074951171875,1023.719970703125,94.06999969482422
04may2018,183.8300018310547,1580.949951171875,1048.2099609375,95.16000366210938
07may2018,185.1600036621094,1600.140014648438,1054.7900390625,96.22000122070313
08may2018,186.0500030517578,1592.390014648438,1053.910034179688,95.80999755859375
09may2018,187.3600006103516,1608,1082.760009765625,96.94000244140625
10may2018,190.0399932861328,1609.079956054688,1097.569946289063,97.91000366210938
11may2018,188.5899963378906,1602.910034179688,1098.260009765625,97.69999694824219
14may2018,188.1499938964844,1601.5400390625,1100.199951171875,98.02999877929688
15may2018,186.4400024414063,1576.119995117188,1079.22998046875,97.31999969482422
16may2018,188.1799926757813,1587.280029296875,1081.77001953125,97.15000152587891
17may2018,186.9900054931641,1581.760009765625,1078.589965820313,96.18000030517578
18may2018,186.3099975585938,1574.369995117188,1066.359985351563,96.36000061035156
21may2018,187.6300048828125,1585.4599609375,1079.579956054688,97.59999847412109
22may2018,187.1600036621094,1581.400024414063,1069.72998046875,97.5
23may2018,188.3600006103516,1601.859985351563,1079.68994140625,98.66000366210938
24may2018,188.1499938964844,1603.069946289063,1079.239990234375,98.30999755859375
25may2018,188.5800018310547,1610.150024414063,1075.660034179688,98.36000061035156
29may2018,187.8999938964844,1612.869995117188,1060.319946289063,98.01000213623047
30may2018,187.5,1624.890014648438,1067.800048828125,98.94999694824219
31may2018,186.8699951171875,1629.619995117188,1084.989990234375,98.83999633789063
01jun2018,190.2400054931641,1641.5400390625,1119.5,100.7900009155273
04jun2018,191.8300018310547,1665.27001953125,1139.2900390625,101.6699981689453
05jun2018,193.3099975585938,1696.349975585938,1139.660034179688,102.1900024414063
06jun2018,193.9799957275391,1695.75,1136.880004882813,102.4899978637695
07jun2018,193.4600067138672,1689.300048828125,1123.859985351563,100.879997253418
08jun2018,191.6999969482422,1683.989990234375,1120.869995117188,101.629997253418
11jun2018,191.2299957275391,1689.119995117188,1129.989990234375,101.0500030517578
12jun2018,192.2799987792969,1698.75,1139.319946289063,101.3099975585938
13jun2018,190.6999969482422,1704.859985351563,1134.7900390625,100.8499984741211
14jun2018,190.8000030517578,1723.859985351563,1152.119995117188,101.4199981689453
15jun2018,188.8399963378906,1715.969970703125,1152.260009765625,100.129997253418
18jun2018,188.7400054931641,1723.7900390625,1173.4599609375,100.8600006103516
19jun2018,185.6900024414063,1734.780029296875,1168.06005859375,100.8600006103516
20jun2018,186.5,1750.079956054688,1169.839965820313,101.870002746582
21jun2018,185.4600067138672,1730.219970703125,1157.660034179688,101.1399993896484
22jun2018,184.9199981689453,1715.670043945313,1155.47998046875,100.4100036621094
25jun2018,182.1699981689453,1663.150024414063,1124.81005859375,98.38999938964844
26jun2018,184.4299926757813,1691.089965820313,1118.4599609375,99.08000183105469
27jun2018,184.1600036621094,1660.510009765625,1103.97998046875,97.54000091552734
28jun2018,185.5,1701.449951171875,1114.219970703125,98.62999725341797
29jun2018,185.1100006103516,1699.800048828125,1115.650024414063,98.61000061035156
02jul2018,187.1799926757813,1713.780029296875,1127.4599609375,100.0100021362305
03jul2018,183.9199981689453,1693.9599609375,1102.890014648438,99.05000305175781
05jul2018,185.3999938964844,1699.72998046875,1124.27001953125,99.76000213623047
06jul2018,187.9700012207031,1710.630004882813,1140.170043945313,101.1600036621094
09jul2018,190.5800018310547,1739.02001953125,1154.050048828125,101.8499984741211
10jul2018,190.3500061035156,1743.069946289063,1152.839965820313,102.120002746582
11jul2018,187.8800048828125,1755,1153.900024414063,101.9800033569336
12jul2018,191.0299987792969,1796.619995117188,1183.47998046875,104.1900024414063
13jul2018,191.3300018310547,1813.030029296875,1188.819946289063,105.4300003051758
16jul2018,190.9100036621094,1822.489990234375,1183.859985351563,104.9100036621094
17jul2018,191.4499969482422,1843.930053710938,1198.800048828125,105.9499969482422
18jul2018,190.3999938964844,1842.920043945313,1195.880004882813,105.120002746582
19jul2018,191.8800048828125,1812.969970703125,1186.9599609375,104.4000015258789
20jul2018,191.4400024414063,1813.699951171875,1184.910034179688,106.2699966430664
23jul2018,191.6100006103516,1802,1205.5,107.9700012207031
24jul2018,193,1829.239990234375,1248.079956054688,107.6600036621094
25jul2018,194.8200073242188,1863.609985351563,1263.699951171875,110.8300018310547
26jul2018,194.2100067138672,1808,1268.329956054688,109.620002746582
27jul2018,190.9799957275391,1817.27001953125,1238.5,107.6800003051758
30jul2018,189.9100036621094,1779.219970703125,1219.739990234375,105.370002746582
31jul2018,190.2899932861328,1777.43994140625,1217.260009765625,106.0800018310547
01aug2018,201.5,1797.170043945313,1220.010009765625,106.2799987792969
02aug2018,207.3899993896484,1834.329956054688,1226.150024414063,107.5699996948242
03aug2018,207.9900054931641,1823.2900390625,1223.7099609375,108.0400009155273
06aug2018,209.0700073242188,1847.75,1224.77001953125,108.129997253418
07aug2018,207.1100006103516,1862.47998046875,1242.219970703125,108.879997253418
08aug2018,207.25,1886.52001953125,1245.609985351563,109.4899978637695
09aug2018,208.8800048828125,1898.52001953125,1249.099975585938,109.6699981689453
10aug2018,207.5299987792969,1886.300048828125,1237.609985351563,109
13aug2018,208.8699951171875,1896.199951171875,1235.010009765625,108.2099990844727
14aug2018,209.75,1919.650024414063,1242.099975585938,109.5599975585938
15aug2018,210.2400054931641,1882.619995117188,1214.380004882813,107.6600036621094
16aug2018,213.3200073242188,1886.52001953125,1206.489990234375,107.6399993896484
17aug2018,217.5800018310547,1882.219970703125,1200.9599609375,107.5800018310547
20aug2018,215.4600067138672,1876.7099609375,1207.77001953125,106.870002746582
21aug2018,215.0399932861328,1883.420043945313,1201.619995117188,105.9800033569336
22aug2018,215.0500030517578,1904.900024414063,1207.329956054688,107.0599975585938
23aug2018,215.4900054931641,1902.900024414063,1205.380004882813,107.5599975585938
24aug2018,216.1600036621094,1905.390014648438,1220.650024414063,108.4000015258789
27aug2018,217.9400024414063,1927.680053710938,1241.819946289063,109.5999984741211
28aug2018,219.6999969482422,1932.819946289063,1231.150024414063,110.2600021362305
29aug2018,222.9799957275391,1998.099975585938,1249.300048828125,112.0199966430664
30aug2018,225.0299987792969,2002.380004882813,1239.119995117188,111.9499969482422
31aug2018,227.6300048828125,2012.7099609375,1218.18994140625,112.3300018310547
04sep2018,228.3600006103516,2039.510009765625,1197,111.7099990844727
05sep2018,226.8699951171875,1994.819946289063,1186.47998046875,108.4899978637695
06sep2018,223.1000061035156,1958.31005859375,1171.43994140625,108.7399978637695
07sep2018,221.3000030517578,1952.069946289063,1164.829956054688,108.2099990844727
10sep2018,218.3300018310547,1939.010009765625,1164.640014648438,109.379997253418
11sep2018,223.8500061035156,1987.150024414063,1177.359985351563,111.2399978637695
12sep2018,221.0700073242188,1990,1162.819946289063,111.7099990844727
13sep2018,226.4100036621094,1989.869995117188,1175.329956054688,112.9100036621094
14sep2018,223.8399963378906,1970.18994140625,1172.530029296875,113.370002746582
17sep2018,217.8800048828125,1908.030029296875,1156.050048828125,112.1399993896484
18sep2018,218.2400054931641,1941.050048828125,1161.219970703125,113.2099990844727
19sep2018,218.3699951171875,1926.420043945313,1171.089965820313,111.6999969482422
20sep2018,220.0299987792969,1944.300048828125,1186.869995117188,113.5699996948242
21sep2018,217.6600036621094,1915.010009765625,1166.089965820313,114.2600021362305
24sep2018,220.7899932861328,1934.359985351563,1173.369995117188,114.6699981689453
25sep2018,222.1900024414063,1974.550048828125,1184.650024414063,114.4499969482422
26sep2018,220.4199981689453,1974.849975585938,1180.489990234375,113.9800033569336
27sep2018,224.9499969482422,2012.97998046875,1194.640014648438,114.4100036621094
28sep2018,225.7400054931641,2003,1193.469970703125,114.370002746582
01oct2018,227.2599945068359,2004.359985351563,1195.31005859375,115.6100006103516
02oct2018,229.2799987792969,1971.31005859375,1200.109985351563,115.1500015258789
03oct2018,232.0700073242188,1952.760009765625,1202.949951171875,115.1699981689453
04oct2018,227.9900054931641,1909.420043945313,1168.18994140625,112.7900009155273
05oct2018,224.2899932861328,1889.650024414063,1157.349975585938,112.129997253418
08oct2018,223.7700042724609,1864.420043945313,1148.969970703125,110.8499984741211
09oct2018,226.8699951171875,1870.319946289063,1138.819946289063,112.2600021362305
10oct2018,216.3600006103516,1755.25,1081.219970703125,106.1600036621094
11oct2018,214.4499969482422,1719.359985351563,1079.319946289063,105.9100036621094
12oct2018,222.1100006103516,1788.609985351563,1110.079956054688,109.5699996948242
15oct2018,217.3600006103516,1760.949951171875,1092.25,107.5999984741211
16oct2018,222.1499938964844,1819.9599609375,1121.280029296875,111
17oct2018,221.1900024414063,1831.72998046875,1115.68994140625,110.7099990844727
18oct2018,216.0200042724609,1770.719970703125,1087.969970703125,108.5
19oct2018,219.3099975585938,1764.030029296875,1096.4599609375,108.6600036621094
22oct2018,220.6499938964844,1789.300048828125,1101.160034179688,109.629997253418
23oct2018,222.7299957275391,1768.699951171875,1103.68994140625,108.0999984741211
24oct2018,215.0899963378906,1664.199951171875,1050.7099609375,102.3199996948242
25oct2018,219.8000030517578,1782.170043945313,1095.569946289063,108.3000030517578
26oct2018,216.3000030517578,1642.81005859375,1071.469970703125,106.9599990844727
29oct2018,212.2400054931641,1538.880004882813,1020.080017089844,103.8499984741211
30oct2018,213.3000030517578,1530.420043945313,1036.2099609375,103.7300033569336
31oct2018,218.8600006103516,1598.010009765625,1076.77001953125,106.8099975585938
01nov2018,222.2200012207031,1665.530029296875,1070,105.9199981689453
02nov2018,207.4799957275391,1665.530029296875,1057.7900390625,106.1600036621094
05nov2018,201.5899963378906,1627.800048828125,1040.089965820313,107.5100021362305
06nov2018,203.7700042724609,1642.81005859375,1055.81005859375,107.7200012207031
07nov2018,209.9499969482422,1755.489990234375,1093.390014648438,111.9599990844727
08nov2018,208.4900054931641,1754.910034179688,1082.400024414063,111.75
09nov2018,204.4700012207031,1712.430053710938,1066.150024414063,109.5699996948242
12nov2018,194.1699981689453,1636.849975585938,1038.630004882813,106.870002746582
13nov2018,192.2299957275391,1631.170043945313,1036.050048828125,106.9400024414063
14nov2018,186.8000030517578,1599.010009765625,1043.660034179688,104.9700012207031
15nov2018,191.4100036621094,1619.43994140625,1064.7099609375,107.2799987792969
16nov2018,193.5299987792969,1593.410034179688,1061.489990234375,108.2900009155273
19nov2018,185.8600006103516,1512.2900390625,1020,104.620002746582
20nov2018,176.9799957275391,1495.4599609375,1025.760009765625,101.7099990844727
21nov2018,176.7799987792969,1516.72998046875,1037.609985351563,103.1100006103516
23nov2018,172.2899932861328,1502.06005859375,1023.880004882813,103.0699996948242
26nov2018,174.6199951171875,1581.329956054688,1048.619995117188,106.4700012207031
27nov2018,174.2400054931641,1581.420043945313,1044.410034179688,107.1399993896484
28nov2018,180.9400024414063,1677.75,1086.22998046875,111.120002746582
29nov2018,179.5500030517578,1673.569946289063,1088.300048828125,110.1900024414063
30nov2018,178.5800018310547,1690.170043945313,1094.430053710938,110.8899993896484
03dec2018,184.8200073242188,1772.359985351563,1106.430053710938,112.0899963378906
04dec2018,176.6900024414063,1668.400024414063,1050.819946289063,108.5199966430664
06dec2018,174.7200012207031,1699.18994140625,1068.72998046875,109.1900024414063
07dec2018,168.4900054931641,1629.130004882813,1036.579956054688,104.8199996948242
10dec2018,169.6000061035156,1641.030029296875,1039.550048828125,107.5899963378906
11dec2018,168.6300048828125,1643.239990234375,1051.75,108.5899963378906
12dec2018,169.1000061035156,1663.5400390625,1063.680053710938,109.0800018310547
13dec2018,170.9499969482422,1658.380004882813,1061.900024414063,109.4499969482422
14dec2018,165.4799957275391,1591.910034179688,1042.099975585938,106.0299987792969
17dec2018,163.9400024414063,1520.910034179688,1016.530029296875,102.8899993896484
18dec2018,166.0700073242188,1551.47998046875,1028.7099609375,103.9700012207031
19dec2018,160.8899993896484,1495.079956054688,1023.010009765625,103.6900024414063
20dec2018,156.8300018310547,1460.829956054688,1009.409973144531,101.5100021362305
21dec2018,150.7299957275391,1377.449951171875,979.5399780273438,98.23000335693359
24dec2018,146.8300018310547,1343.9599609375,976.219970703125,94.12999725341797
26dec2018,157.1699981689453,1470.900024414063,1039.4599609375,100.5599975585938
27dec2018,156.1499938964844,1461.640014648438,1043.880004882813,101.1800003051758
28dec2018,156.2299957275391,1478.02001953125,1037.079956054688,100.3899993896484
31dec2018,157.7400054931641,1501.969970703125,1035.609985351563,101.5699996948242
02jan2019,157.9199981689453,1539.130004882813,1045.849975585938,101.120002746582
03jan2019,142.1900024414063,1500.280029296875,1016.059997558594,97.40000152587891
04jan2019,148.2599945068359,1575.390014648438,1070.7099609375,101.9300003051758
07jan2019,147.9299926757813,1629.510009765625,1068.390014648438,102.0599975585938
08jan2019,150.75,1656.579956054688,1076.280029296875,102.8000030517578
09jan2019,153.3099975585938,1659.420043945313,1074.660034179688,104.2699966430664
10jan2019,153.8000030517578,1656.219970703125,1070.329956054688,103.5999984741211
11jan2019,152.2899932861328,1640.56005859375,1057.18994140625,102.8000030517578
14jan2019,150,1617.2099609375,1044.68994140625,102.0500030517578
15jan2019,153.0700073242188,1674.56005859375,1077.150024414063,105.0100021362305
16jan2019,154.9400024414063,1683.780029296875,1080.969970703125,105.379997253418
17jan2019,155.8600006103516,1693.219970703125,1089.900024414063,106.120002746582
18jan2019,156.8200073242188,1696.199951171875,1098.260009765625,107.7099990844727
22jan2019,153.3000030517578,1632.170043945313,1070.52001953125,105.6800003051758
23jan2019,153.9199981689453,1640.02001953125,1075.569946289063,106.7099990844727
24jan2019,152.6999969482422,1654.930053710938,1073.900024414063,106.1999969482422
25jan2019,157.7599945068359,1670.569946289063,1090.989990234375,107.1699981689453
28jan2019,156.3000030517578,1637.890014648438,1070.079956054688,105.0800018310547
29jan2019,154.6799926757813,1593.880004882813,1060.619995117188,102.9400024414063
30jan2019,165.25,1670.430053710938,1089.06005859375,106.379997253418
31jan2019,166.4400024414063,1718.72998046875,1116.369995117188,104.4300003051758
01feb2019,166.5200042724609,1626.22998046875,1110.75,102.7799987792969
04feb2019,171.25,1633.31005859375,1132.800048828125,105.7399978637695
05feb2019,174.1799926757813,1658.81005859375,1145.989990234375,107.2200012207031
06feb2019,174.2400054931641,1640.260009765625,1115.22998046875,106.0299987792969
07feb2019,170.9400024414063,1614.369995117188,1098.7099609375,105.2699966430664
08feb2019,170.4100036621094,1588.219970703125,1095.06005859375,105.6699981689453
11feb2019,169.4299926757813,1591,1095.010009765625,105.25
12feb2019,170.8899993896484,1638.010009765625,1121.369995117188,106.8899993896484
13feb2019,170.1799926757813,1640,1120.160034179688,106.8099975585938
14feb2019,170.8000030517578,1622.650024414063,1121.670043945313,106.9000015258789
15feb2019,170.4199981689453,1607.949951171875,1113.650024414063,108.2200012207031
19feb2019,170.9299926757813,1627.579956054688,1118.56005859375,108.1699981689453
20feb2019,172.0299987792969,1622.099975585938,1113.800048828125,107.1500015258789
21feb2019,171.0599975585938,1619.43994140625,1096.969970703125,109.4100036621094
22feb2019,172.9700012207031,1631.56005859375,1110.369995117188,110.9700012207031
25feb2019,174.2299957275391,1633,1109.400024414063,111.5899963378906
26feb2019,174.3300018310547,1636.400024414063,1115.130004882813,112.3600006103516
27feb2019,174.8699951171875,1641.089965820313,1116.050048828125,112.1699981689453
28feb2019,173.1499938964844,1639.829956054688,1119.920043945313,112.0299987792969
01mar2019,174.9700012207031,1671.72998046875,1140.989990234375,112.5299987792969
04mar2019,175.8500061035156,1696.170043945313,1147.800048828125,112.2600021362305
05mar2019,175.5299987792969,1692.430053710938,1162.030029296875,111.6999969482422
06mar2019,174.5200042724609,1668.949951171875,1157.859985351563,111.75
07mar2019,172.5,1625.949951171875,1143.300048828125,110.3899993896484
08mar2019,172.9100036621094,1620.800048828125,1142.319946289063,110.5100021362305
11mar2019,178.8999938964844,1670.619995117188,1175.760009765625,112.8300018310547
12mar2019,180.9100036621094,1673.099975585938,1193.199951171875,113.620002746582
13mar2019,181.7100067138672,1690.81005859375,1193.319946289063,114.5
14mar2019,183.7299957275391,1686.219970703125,1185.550048828125,114.5899963378906
15mar2019,186.1199951171875,1712.359985351563,1184.4599609375,115.9100036621094
18mar2019,188.0200042724609,1742.150024414063,1184.260009765625,117.5699996948242
19mar2019,186.5299987792969,1761.849975585938,1198.849975585938,117.6500015258789
20mar2019,188.1600036621094,1797.27001953125,1223.969970703125,117.5199966430664
21mar2019,195.0899963378906,1819.260009765625,1231.5400390625,120.2200012207031
22mar2019,191.0500030517578,1764.77001953125,1205.5,117.0500030517578
25mar2019,188.7400054931641,1774.260009765625,1193,117.6600036621094
26mar2019,186.7899932861328,1783.760009765625,1184.619995117188,117.9100036621094
27mar2019,188.4700012207031,1765.699951171875,1173.02001953125,116.7699966430664
28mar2019,188.7200012207031,1773.420043945313,1168.489990234375,116.9300003051758
29mar2019,189.9499969482422,1780.75,1173.31005859375,117.9400024414063
01apr2019,191.2400054931641,1814.18994140625,1194.430053710938,119.0199966430664
02apr2019,194.0200042724609,1813.97998046875,1200.489990234375,119.1900024414063
03apr2019,195.3500061035156,1820.699951171875,1205.920043945313,119.9700012207031
04apr2019,195.6900024414063,1818.859985351563,1215,119.3600006103516
05apr2019,197,1837.280029296875,1207.150024414063,119.8899993896484
08apr2019,200.1000061035156,1849.859985351563,1203.839965820313,119.9300003051758
09apr2019,199.5,1835.839965820313,1197.25,119.2799987792969
10apr2019,200.6199951171875,1847.329956054688,1202.160034179688,120.1900024414063
11apr2019,198.9499969482422,1844.069946289063,1204.619995117188,120.3300018310547
12apr2019,198.8699951171875,1843.06005859375,1217.869995117188,120.9499969482422
15apr2019,199.2299957275391,1844.869995117188,1221.099975585938,121.0500030517578
16apr2019,199.25,1863.0400390625,1227.130004882813,120.7699966430664
17apr2019,203.1300048828125,1864.819946289063,1236.339965820313,121.7699966430664
18apr2019,203.8600006103516,1861.68994140625,1236.369995117188,123.370002746582
22apr2019,204.5299987792969,1887.31005859375,1248.839965820313,123.7600021362305
23apr2019,207.4799957275391,1923.77001953125,1264.550048828125,125.4400024414063
24apr2019,207.1600036621094,1901.75,1256,125.0100021362305
25apr2019,205.2799987792969,1902.25,1263.449951171875,129.1499938964844
26apr2019,204.3000030517578,1950.630004882813,1272.180053710938,129.8899993896484
29apr2019,204.6100006103516,1938.430053710938,1287.579956054688,129.7700042724609
30apr2019,200.6699981689453,1926.52001953125,1188.47998046875,130.6000061035156
01may2019,210.5200042724609,1911.52001953125,1168.079956054688,127.879997253418
02may2019,209.1499938964844,1900.819946289063,1162.609985351563,126.2099990844727
03may2019,211.75,1962.4599609375,1185.400024414063,128.8999938964844
06may2019,208.4799957275391,1950.550048828125,1189.390014648438,128.1499938964844
07may2019,202.8600006103516,1921,1174.099975585938,125.5199966430664
08may2019,202.8999938964844,1917.77001953125,1166.27001953125,125.5100021362305
09may2019,200.7200012207031,1899.869995117188,1162.380004882813,125.5
10may2019,197.1799926757813,1889.97998046875,1164.27001953125,127.129997253418
13may2019,185.7200012207031,1822.680053710938,1132.030029296875,123.3499984741211
14may2019,188.6600036621094,1840.119995117188,1120.43994140625,124.7300033569336
15may2019,190.9199981689453,1871.150024414063,1164.2099609375,126.0199966430664
16may2019,190.0800018310547,1907.569946289063,1178.97998046875,128.9299926757813
17may2019,189,1869,1162.300048828125,128.0700073242188
20may2019,183.0899963378906,1858.969970703125,1138.849975585938,126.2200012207031
21may2019,186.6000061035156,1857.52001953125,1149.630004882813,126.9000015258789
22may2019,182.7799987792969,1859.680053710938,1151.420043945313,127.6699981689453
23may2019,179.6600036621094,1815.47998046875,1140.77001953125,126.1800003051758
24may2019,178.9700012207031,1823.280029296875,1133.469970703125,126.2399978637695
28may2019,178.2299957275391,1836.430053710938,1134.150024414063,126.1600036621094
29may2019,177.3800048828125,1819.18994140625,1116.4599609375,124.9400024414063
30may2019,178.3000030517578,1816.319946289063,1117.949951171875,125.7300033569336
31may2019,175.0700073242188,1775.069946289063,1103.630004882813,123.6800003051758
03jun2019,173.3000030517578,1692.68994140625,1036.22998046875,119.8399963378906
04jun2019,179.6399993896484,1729.56005859375,1053.050048828125,123.1600036621094
05jun2019,182.5399932861328,1738.5,1042.219970703125,125.8300018310547
06jun2019,185.2200012207031,1754.359985351563,1044.339965820313,127.8199996948242
07jun2019,190.1499938964844,1804.030029296875,1066.0400390625,131.3999938964844
10jun2019,192.5800018310547,1860.630004882813,1080.380004882813,132.6000061035156
11jun2019,194.8099975585938,1863.699951171875,1078.719970703125,132.1000061035156
12jun2019,194.1900024414063,1855.319946289063,1077.030029296875,131.4900054931641
13jun2019,194.1499938964844,1870.300048828125,1088.77001953125,132.3200073242188
14jun2019,192.7400054931641,1869.670043945313,1085.349975585938,132.4499969482422
17jun2019,193.8899993896484,1886.030029296875,1092.5,132.8500061035156
18jun2019,198.4499969482422,1901.369995117188,1103.599975585938,135.1600036621094
19jun2019,197.8699951171875,1908.7900390625,1102.329956054688,135.6900024414063
20jun2019,199.4600067138672,1918.18994140625,1111.420043945313,136.9499969482422
21jun2019,198.7799987792969,1911.300048828125,1121.880004882813,136.9700012207031
24jun2019,198.5800018310547,1913.900024414063,1115.52001953125,137.7799987792969
25jun2019,195.5700073242188,1878.27001953125,1086.349975585938,133.4299926757813
26jun2019,199.8000030517578,1897.829956054688,1079.800048828125,133.9299926757813
27jun2019,199.7400054931641,1904.280029296875,1076.010009765625,134.1499938964844
28jun2019,197.9199981689453,1893.630004882813,1080.910034179688,133.9600067138672
01jul2019,201.5500030517578,1922.18994140625,1097.949951171875,135.6799926757813
02jul2019,202.7299957275391,1934.31005859375,1111.25,136.5800018310547
03jul2019,204.4100036621094,1939,1121.579956054688,137.4600067138672
05jul2019,204.2299957275391,1942.910034179688,1131.589965820313,137.0599975585938
08jul2019,200.0200042724609,1952.319946289063,1116.349975585938,136.9600067138672
09jul2019,201.2400054931641,1988.300048828125,1124.829956054688,136.4600067138672
10jul2019,203.2299957275391,2017.410034179688,1140.47998046875,137.8500061035156
11jul2019,201.75,2001.069946289063,1144.2099609375,138.3999938964844
12jul2019,203.3000030517578,2011,1144.900024414063,138.8999938964844
15jul2019,205.2100067138672,2020.989990234375,1150.339965820313,138.8999938964844
16jul2019,204.5,2009.900024414063,1153.579956054688,137.0800018310547
17jul2019,203.3500061035156,1992.030029296875,1146.349975585938,136.2700042724609
18jul2019,205.6600036621094,1977.900024414063,1146.329956054688,136.4199981689453
19jul2019,202.5899963378906,1964.52001953125,1130.099975585938,136.6199951171875
22jul2019,207.2200012207031,1985.630004882813,1138.069946289063,138.4299926757813
23jul2019,208.8399963378906,1994.489990234375,1146.2099609375,139.2899932861328
24jul2019,208.6699981689453,2000.81005859375,1137.81005859375,140.7200012207031
25jul2019,207.0200042724609,1973.819946289063,1132.119995117188,140.1900024414063
26jul2019,207.7400054931641,1943.050048828125,1250.410034179688,141.3399963378906
29jul2019,209.6799926757813,1912.449951171875,1239.410034179688,141.0299987792969
30jul2019,208.7799987792969,1898.530029296875,1225.140014648438,140.3500061035156
31jul2019,213.0399932861328,1866.780029296875,1216.680053710938,136.2700042724609
01aug2019,208.4299926757813,1855.319946289063,1209.010009765625,138.0599975585938
02aug2019,204.0200042724609,1823.239990234375,1193.989990234375,136.8999938964844
05aug2019,193.3399963378906,1765.130004882813,1152.319946289063,132.2100067138672
06aug2019,197,1787.829956054688,1169.949951171875,134.6900024414063
07aug2019,199.0399932861328,1793.400024414063,1173.989990234375,135.2799987792969
08aug2019,203.4299926757813,1832.890014648438,1204.800048828125,138.8899993896484
09aug2019,200.9900054931641,1807.579956054688,1188.010009765625,137.7100067138672
12aug2019,200.4799957275391,1784.920043945313,1174.7099609375,135.7899932861328
13aug2019,208.9700012207031,1824.339965820313,1197.27001953125,138.6000061035156
14aug2019,202.75,1762.9599609375,1164.2900390625,133.9799957275391
15aug2019,201.7400054931641,1776.119995117188,1167.260009765625,133.6799926757813
16aug2019,206.5,1792.569946289063,1177.599975585938,136.1300048828125
19aug2019,210.3500061035156,1816.119995117188,1198.449951171875,138.4100036621094
20aug2019,210.3600006103516,1801.380004882813,1182.68994140625,137.2599945068359
21aug2019,212.6399993896484,1823.5400390625,1191.25,138.7899932861328
22aug2019,212.4600067138672,1805.599975585938,1189.530029296875,137.7799987792969
23aug2019,202.6399993896484,1749.619995117188,1151.2900390625,133.3899993896484
26aug2019,206.4900054931641,1768.869995117188,1168.890014648438,135.4499969482422
27aug2019,204.1600036621094,1761.829956054688,1167.839965820313,135.7400054931641
28aug2019,205.5299987792969,1764.25,1171.02001953125,135.5599975585938
29aug2019,209.0099945068359,1786.400024414063,1192.849975585938,138.1199951171875
30aug2019,208.7400054931641,1776.2900390625,1188.099975585938,137.8600006103516
03sep2019,205.6999969482422,1789.839965820313,1168.390014648438,136.0399932861328
04sep2019,209.1900024414063,1800.619995117188,1181.410034179688,137.6300048828125
05sep2019,213.2799987792969,1840.719970703125,1211.380004882813,140.0500030517578
06sep2019,213.2599945068359,1833.510009765625,1204.930053710938,139.1000061035156
09sep2019,214.1699981689453,1831.349975585938,1204.410034179688,137.5200042724609
10sep2019,216.6999969482422,1820.550048828125,1206,136.0800018310547
11sep2019,223.5899963378906,1822.989990234375,1220.170043945313,136.1199951171875
12sep2019,223.0850067138672,1843.550048828125,1234.25,137.5200042724609
13sep2019,218.75,1839.339965820313,1239.56005859375,137.3200073242188
16sep2019,219.8999938964844,1807.839965820313,1231.300048828125,136.3300018310547
17sep2019,220.6999969482422,1822.550048828125,1229.150024414063,137.3899993896484
18sep2019,222.7700042724609,1817.4599609375,1232.410034179688,138.5200042724609
19sep2019,220.9600067138672,1821.5,1238.7099609375,141.0700073242188
20sep2019,217.7299957275391,1794.160034179688,1229.930053710938,139.4400024414063
23sep2019,218.7200012207031,1785.300048828125,1234.030029296875,139.1399993896484
24sep2019,217.6799926757813,1741.609985351563,1218.760009765625,137.3800048828125
25sep2019,221.0299987792969,1768.329956054688,1246.52001953125,139.3600006103516
26sep2019,219.8899993896484,1739.839965820313,1241.390014648438,139.5399932861328
27sep2019,218.8200073242188,1725.449951171875,1225.089965820313,137.7299957275391
30sep2019,223.9700012207031,1735.910034179688,1219,139.0299987792969
01oct2019,224.5899963378906,1735.650024414063,1205.099975585938,137.0700073242188
02oct2019,218.9600067138672,1713.22998046875,1176.630004882813,134.6499938964844
03oct2019,220.8200073242188,1724.420043945313,1187.829956054688,136.2799987792969
04oct2019,227.0099945068359,1739.650024414063,1209,138.1199951171875
07oct2019,227.0599975585938,1732.660034179688,1207.680053710938,137.1199951171875
08oct2019,224.3999938964844,1705.510009765625,1189.130004882813,135.6699981689453
09oct2019,227.0299987792969,1721.989990234375,1202.31005859375,138.2400054931641
10oct2019,230.0899963378906,1720.260009765625,1208.670043945313,139.1000061035156
11oct2019,236.2100067138672,1731.920043945313,1215.449951171875,139.6799926757813
14oct2019,235.8699951171875,1736.430053710938,1217.140014648438,139.5500030517578
15oct2019,235.3200073242188,1767.380004882813,1243.010009765625,141.5749969482422
16oct2019,234.3699951171875,1777.430053710938,1243.640014648438,140.4100036621094
17oct2019,235.2799987792969,1787.47998046875,1253.069946289063,139.6900024414063
18oct2019,236.4100036621094,1757.510009765625,1245.489990234375,137.4100036621094
21oct2019,240.5099945068359,1785.660034179688,1246.150024414063,138.4299926757813
22oct2019,239.9600067138672,1765.72998046875,1242.800048828125,136.3699951171875
23oct2019,243.1799926757813,1762.170043945313,1259.130004882813,137.2400054931641
24oct2019,243.5800018310547,1780.780029296875,1260.989990234375,139.9400024414063
25oct2019,246.5800018310547,1761.329956054688,1265.130004882813,140.7299957275391
28oct2019,249.0500030517578,1777.079956054688,1290,144.1900024414063
29oct2019,243.2899932861328,1762.7099609375,1262.619995117188,142.8300018310547
30oct2019,243.2599945068359,1779.989990234375,1261.2900390625,144.6100006103516
31oct2019,248.7599945068359,1776.660034179688,1260.109985351563,143.3699951171875
01nov2019,255.8200073242188,1791.43994140625,1273.739990234375,143.7200012207031
04nov2019,257.5,1804.660034179688,1291.369995117188,144.5500030517578
05nov2019,257.1300048828125,1801.7099609375,1292.030029296875,144.4600067138672
06nov2019,257.239990234375,1795.77001953125,1291.800048828125,144.0599975585938
07nov2019,259.4299926757813,1788.199951171875,1308.859985351563,144.2599945068359
08nov2019,260.1400146484375,1785.880004882813,1311.369995117188,145.9600067138672
11nov2019,262.2000122070313,1771.650024414063,1299.18994140625,146.1100006103516
12nov2019,261.9599914550781,1778,1298.800048828125,147.0700073242188
13nov2019,264.4700012207031,1753.109985351563,1298,147.3099975585938
14nov2019,262.6400146484375,1754.599975585938,1311.4599609375,148.0599975585938
15nov2019,265.760009765625,1739.489990234375,1334.869995117188,149.9700012207031
18nov2019,267.1000061035156,1752.530029296875,1320.699951171875,150.3399963378906
19nov2019,266.2900085449219,1752.7900390625,1315.4599609375,150.3899993896484
20nov2019,263.1900024414063,1745.530029296875,1303.050048828125,149.6199951171875
21nov2019,262.010009765625,1734.7099609375,1301.349975585938,149.4799957275391
22nov2019,261.7799987792969,1745.719970703125,1295.339965820313,149.5899963378906
25nov2019,266.3699951171875,1773.839965820313,1306.68994140625,151.2299957275391
26nov2019,264.2900085449219,1796.93994140625,1313.550048828125,152.0299987792969
27nov2019,267.8399963378906,1818.510009765625,1312.989990234375,152.3200073242188
29nov2019,267.25,1800.800048828125,1304.9599609375,151.3800048828125
02dec2019,264.1600036621094,1781.599975585938,1289.920043945313,149.5500030517578
03dec2019,259.4500122070313,1769.9599609375,1295.280029296875,149.3099975585938
04dec2019,261.739990234375,1760.68994140625,1320.5400390625,149.8500061035156
05dec2019,265.5799865722656,1740.47998046875,1328.130004882813,149.9299926757813
06dec2019,270.7099914550781,1751.599975585938,1340.619995117188,151.75
09dec2019,266.9200134277344,1749.510009765625,1343.56005859375,151.3600006103516
10dec2019,268.4800109863281,1739.2099609375,1344.660034179688,151.1300048828125
11dec2019,270.7699890136719,1748.719970703125,1345.02001953125,151.6999969482422
12dec2019,271.4599914550781,1760.329956054688,1350.27001953125,153.2400054931641
13dec2019,275.1499938964844,1760.93994140625,1347.829956054688,154.5299987792969
16dec2019,279.8599853515625,1769.2099609375,1361.170043945313,155.5299987792969
17dec2019,280.4100036621094,1790.660034179688,1355.119995117188,154.6900024414063
18dec2019,279.739990234375,1784.030029296875,1352.619995117188,154.3699951171875
19dec2019,280.0199890136719,1792.280029296875,1356.0400390625,155.7100067138672
20dec2019,279.4400024414063,1786.5,1349.589965820313,157.4100036621094
23dec2019,284,1793,1348.839965820313,157.4100036621094
24dec2019,284.2699890136719,1789.2099609375,1343.56005859375,157.3800048828125
26dec2019,289.9100036621094,1868.77001953125,1360.400024414063,158.6699981689453
27dec2019,289.7999877929688,1869.800048828125,1351.890014648438,158.9600067138672
30dec2019,291.5199890136719,1846.890014648438,1336.140014648438,157.5899963378906
31dec2019,293.6499938964844,1847.839965820313,1337.02001953125,157.6999969482422
02jan2020,300.3500061035156,1898.010009765625,1367.369995117188,160.6199951171875
03jan2020,297.4299926757813,1874.969970703125,1360.660034179688,158.6199951171875
06jan2020,299.7999877929688,1902.880004882813,1394.2099609375,159.0299987792969
07jan2020,298.3900146484375,1906.859985351563,1393.339965820313,157.5800018310547
08jan2020,303.1900024414063,1891.969970703125,1404.319946289063,160.0899963378906
09jan2020,309.6300048828125,1901.050048828125,1419.829956054688,162.0899963378906
10jan2020,310.3299865722656,1883.160034179688,1429.72998046875,161.3399963378906
13jan2020,316.9599914550781,1891.300048828125,1439.22998046875,163.2799987792969
14jan2020,312.6799926757813,1869.43994140625,1430.880004882813,162.1300048828125
15jan2020,311.3399963378906,1862.02001953125,1439.199951171875,163.1799926757813
16jan2020,315.239990234375,1877.93994140625,1451.699951171875,166.1699981689453
17jan2020,318.7300109863281,1864.719970703125,1480.390014648438,167.1000061035156
21jan2020,316.5700073242188,1892,1484.400024414063,166.5
22jan2020,317.7000122070313,1887.4599609375,1485.949951171875,165.6999969482422
23jan2020,319.2300109863281,1884.579956054688,1486.650024414063,166.7200012207031
24jan2020,318.3099975585938,1861.640014648438,1466.7099609375,165.0399932861328
27jan2020,308.9500122070313,1828.339965820313,1433.900024414063,162.2799987792969
28jan2020,317.6900024414063,1853.25,1452.56005859375,165.4600067138672
29jan2020,324.3399963378906,1858,1458.630004882813,168.0399932861328
30jan2020,323.8699951171875,1870.680053710938,1455.839965820313,172.7799987792969
31jan2020,309.510009765625,2008.719970703125,1434.22998046875,170.2299957275391
03feb2020,308.6600036621094,2004.199951171875,1485.93994140625,174.3800048828125
04feb2020,318.8500061035156,2049.669921875,1447.069946289063,180.1199951171875
05feb2020,321.4500122070313,2039.869995117188,1448.22998046875,179.8999938964844
06feb2020,325.2099914550781,2050.22998046875,1476.22998046875,183.6300048828125
07feb2020,320.0299987792969,2079.280029296875,1479.22998046875,183.8899993896484
10feb2020,321.5499877929688,2133.909912109375,1508.680053710938,188.6999969482422
11feb2020,319.6099853515625,2150.800048828125,1508.7900390625,184.4400024414063
12feb2020,327.2000122070313,2160,1518.27001953125,184.7100067138672
13feb2020,324.8699951171875,2149.8701171875,1514.660034179688,183.7100067138672
14feb2020,324.9500122070313,2134.8701171875,1520.739990234375,185.3500061035156
18feb2020,319,2155.669921875,1519.670043945313,187.2299957275391
19feb2020,323.6199951171875,2170.219970703125,1526.68994140625,187.2799987792969
20feb2020,320.2999877929688,2153.10009765625,1518.150024414063,184.4199981689453
21feb2020,313.0499877929688,2095.969970703125,1485.109985351563,178.5899963378906
24feb2020,298.1799926757813,2009.2900390625,1421.589965820313,170.8899993896484
25feb2020,288.0799865722656,1972.739990234375,1388.449951171875,168.0700073242188
26feb2020,292.6499938964844,1979.589965820313,1393.180053710938,170.1699981689453
27feb2020,273.5199890136719,1884.300048828125,1318.089965820313,158.1799926757813
28feb2020,273.3599853515625,1883.75,1339.329956054688,162.0099945068359
02mar2020,298.8099975585938,1953.949951171875,1389.109985351563,172.7899932861328
03mar2020,289.3200073242188,1908.989990234375,1341.390014648438,164.5099945068359
04mar2020,302.739990234375,1975.829956054688,1386.52001953125,170.5500030517578
05mar2020,292.9200134277344,1924.030029296875,1319.0400390625,166.2700042724609
06mar2020,289.0299987792969,1901.089965820313,1298.410034179688,161.5700073242188
09mar2020,266.1700134277344,1800.609985351563,1215.56005859375,150.6199951171875
10mar2020,285.3399963378906,1891.819946289063,1280.390014648438,160.9199981689453
11mar2020,275.4299926757813,1820.859985351563,1215.410034179688,153.6300048828125
12mar2020,248.2299957275391,1676.609985351563,1114.910034179688,139.0599975585938
13mar2020,277.9700012207031,1785,1219.72998046875,158.8300018310547
16mar2020,242.2100067138672,1689.150024414063,1084.329956054688,135.4199981689453
17mar2020,252.8600006103516,1807.839965820313,1119.800048828125,146.5700073242188
18mar2020,246.6699981689453,1830,1096.800048828125,140.3999938964844
19mar2020,244.7799987792969,1880.930053710938,1115.2900390625,142.7100067138672
20mar2020,229.2400054931641,1846.089965820313,1072.319946289063,137.3500061035156
23mar2020,224.3699951171875,1902.829956054688,1056.619995117188,135.9799957275391
24mar2020,246.8800048828125,1940.099975585938,1134.4599609375,148.3399963378906
25mar2020,245.5200042724609,1885.839965820313,1102.489990234375,146.9199981689453
26mar2020,258.4400024414063,1955.489990234375,1161.75,156.1100006103516
27mar2020,247.7400054931641,1900.099975585938,1110.7099609375,149.6999969482422
30mar2020,254.8099975585938,1963.949951171875,1146.819946289063,160.2299957275391
31mar2020,254.2899932861328,1949.719970703125,1162.81005859375,157.7100067138672
01apr2020,240.9100036621094,1907.699951171875,1105.619995117188,152.1100006103516
02apr2020,244.9299926757813,1918.829956054688,1120.839965820313,155.2599945068359
03apr2020,241.4100036621094,1906.589965820313,1097.880004882813,153.8300018310547
06apr2020,262.4700012207031,1997.589965820313,1186.920043945313,165.2700042724609
07apr2020,259.4299926757813,2011.599975585938,1186.510009765625,163.4900054931641
08apr2020,266.0700073242188,2043,1210.280029296875,165.1300048828125
09apr2020,267.989990234375,2042.760009765625,1211.449951171875,165.1399993896484
13apr2020,273.25,2168.8701171875,1217.56005859375,165.5099945068359
14apr2020,287.0499877929688,2283.320068359375,1269.22998046875,173.6999969482422
15apr2020,284.4299926757813,2307.679931640625,1262.469970703125,171.8800048828125
16apr2020,286.6900024414063,2408.18994140625,1263.469970703125,177.0399932861328
17apr2020,282.7999877929688,2375,1283.25,178.6000061035156
20apr2020,276.9299926757813,2393.610107421875,1266.609985351563,175.0599975585938
21apr2020,268.3699951171875,2328.1201171875,1216.339965820313,167.8200073242188
22apr2020,276.1000061035156,2363.489990234375,1263.2099609375,173.5200042724609
23apr2020,275.0299987792969,2399.449951171875,1276.31005859375,171.4199981689453
24apr2020,282.9700012207031,2410.219970703125,1279.31005859375,174.5500030517578
27apr2020,283.1700134277344,2376,1275.880004882813,174.0500030517578
28apr2020,278.5799865722656,2314.080078125,1233.670043945313,169.8099975585938
29apr2020,287.7300109863281,2372.7099609375,1341.47998046875,177.4299926757813
30apr2020,293.7999877929688,2474,1348.660034179688,179.2100067138672
01may2020,289.0700073242188,2286.0400390625,1320.609985351563,174.5700073242188
04may2020,293.1600036621094,2315.989990234375,1326.800048828125,178.8399963378906
05may2020,297.5599975585938,2317.800048828125,1351.109985351563,180.7599945068359
06may2020,300.6300048828125,2351.260009765625,1347.300048828125,182.5399932861328
07may2020,303.739990234375,2367.610107421875,1372.56005859375,183.6000061035156
08may2020,310.1300048828125,2379.610107421875,1388.369995117188,184.6799926757813
11may2020,315.010009765625,2409,1403.260009765625,186.7400054931641
12may2020,311.4100036621094,2356.949951171875,1375.739990234375,182.5099945068359
13may2020,307.6499938964844,2367.919921875,1349.329956054688,179.75
14may2020,309.5400085449219,2388.85009765625,1356.130004882813,180.5299987792969
15may2020,307.7099914550781,2409.780029296875,1373.18994140625,183.1600036621094
18may2020,314.9599914550781,2426.260009765625,1383.93994140625,184.9100036621094
19may2020,313.1400146484375,2449.330078125,1373.484985351563,183.6300048828125
20may2020,319.2300109863281,2497.93994140625,1406.719970703125,185.6600036621094
21may2020,316.8500061035156,2446.739990234375,1402.800048828125,183.4299926757813
22may2020,318.8900146484375,2436.8798828125,1410.420043945313,183.5099945068359
26may2020,316.7300109863281,2421.860107421875,1417.02001953125,181.5700073242188
27may2020,318.1099853515625,2410.389892578125,1417.839965820313,181.8099975585938
28may2020,318.25,2401.10009765625,1416.72998046875,181.3999938964844
29may2020,317.9400024414063,2442.3701171875,1428.920043945313,183.25
01jun2020,321.8500061035156,2471.0400390625,1431.819946289063,182.8300018310547
02jun2020,323.3399963378906,2472.409912109375,1439.219970703125,184.9100036621094
03jun2020,325.1199951171875,2478.39990234375,1436.380004882813,185.3600006103516
04jun2020,322.3200073242188,2460.60009765625,1412.180053710938,182.9199981689453
05jun2020,331.5,2483,1438.390014648438,187.1999969482422
08jun2020,333.4599914550781,2524.06005859375,1446.609985351563,188.3600006103516
09jun2020,343.989990234375,2600.860107421875,1456.160034179688,189.8000030517578
10jun2020,352.8399963378906,2647.449951171875,1465.849975585938,196.8399963378906
11jun2020,335.8999938964844,2557.9599609375,1403.839965820313,186.2700042724609
12jun2020,338.7999877929688,2545.02001953125,1413.180053710938,187.7400054931641
15jun2020,342.989990234375,2572.679931640625,1419.849975585938,188.9400024414063
16jun2020,352.0799865722656,2615.27001953125,1442.719970703125,193.5700073242188
17jun2020,351.5899963378906,2640.97998046875,1451.119995117188,194.2400054931641
18jun2020,351.7300109863281,2653.97998046875,1435.9599609375,196.3200073242188
19jun2020,349.7200012207031,2675.010009765625,1431.719970703125,195.1499938964844
22jun2020,358.8699951171875,2713.820068359375,1451.859985351563,200.5700073242188
23jun2020,366.5299987792969,2764.409912109375,1464.410034179688,201.9100036621094
24jun2020,360.0599975585938,2734.39990234375,1431.969970703125,197.8399963378906
25jun2020,364.8399963378906,2754.580078125,1441.329956054688,200.3399963378906
26jun2020,353.6300048828125,2692.8701171875,1359.900024414063,196.3300018310547
29jun2020,361.7799987792969,2680.3798828125,1394.969970703125,198.4400024414063
30jun2020,364.7999877929688,2758.820068359375,1413.609985351563,203.5099945068359
01jul2020,364.1099853515625,2878.699951171875,1438.0400390625,204.6999969482422
02jul2020,364.1099853515625,2890.300048828125,1464.699951171875,206.2599945068359
06jul2020,373.8500061035156,3057.0400390625,1495.699951171875,210.6999969482422
07jul2020,372.6900024414063,3000.1201171875,1485.180053710938,208.25
08jul2020,381.3699951171875,3081.110107421875,1496,212.8300018310547
09jul2020,382.7300109863281,3182.6298828125,1510.989990234375,214.3200073242188
10jul2020,383.6799926757813,3200,1541.739990234375,213.6699981689453
13jul2020,381.9100036621094,3104,1511.339965820313,207.0700073242188
14jul2020,388.2300109863281,3084,1520.579956054688,208.3500061035156
15jul2020,390.8999938964844,3008.8701171875,1513.640014648438,208.0399932861328
16jul2020,386.0899963378906,2999.89990234375,1518,203.9199981689453
17jul2020,385.3099975585938,2961.969970703125,1515.550048828125,202.8800048828125
20jul2020,393.4299926757813,3196.840087890625,1565.719970703125,211.6000061035156
21jul2020,388,3138.2900390625,1558.420043945313,208.75
22jul2020,389.0899963378906,3099.909912109375,1568.489990234375,211.75
23jul2020,371.3800048828125,2986.550048828125,1515.680053710938,202.5399932861328
24jul2020,370.4599914550781,3008.909912109375,1511.869995117188,201.3000030517578
27jul2020,379.239990234375,3055.2099609375,1530.199951171875,203.8500061035156
28jul2020,373.010009765625,3000.330078125,1500.339965820313,202.0200042724609
29jul2020,380.1600036621094,3033.530029296875,1522.02001953125,204.0599975585938
30jul2020,384.760009765625,3051.8798828125,1531.449951171875,203.8999938964844
31jul2020,425.0400085449219,3164.679931640625,1482.9599609375,205.0099945068359
03aug2020,435.75,3111.889892578125,1474.449951171875,216.5399932861328
04aug2020,438.6600036621094,3138.830078125,1464.969970703125,213.2899932861328
05aug2020,440.25,3205.030029296875,1473.609985351563,212.9400024414063
06aug2020,455.6099853515625,3225,1500.099975585938,216.3500061035156
07aug2020,444.4500122070313,3167.4599609375,1494.489990234375,212.4799957275391
10aug2020,450.9100036621094,3148.159912109375,1496.099975585938,208.25
11aug2020,437.5,3080.669921875,1480.319946289063,203.3800048828125
12aug2020,452.0400085449219,3162.239990234375,1506.619995117188,209.1900024414063
13aug2020,460.0400085449219,3161.02001953125,1518.449951171875,208.6999969482422
14aug2020,459.6300048828125,3148.02001953125,1507.72998046875,208.8999938964844
17aug2020,458.4299926757813,3182.409912109375,1517.97998046875,210.2799987792969
18aug2020,462.25,3312.489990234375,1558.599975585938,211.4900054931641
19aug2020,462.8299865722656,3260.47998046875,1547.530029296875,209.6999969482422
20aug2020,473.1000061035156,3297.3701171875,1581.75,214.5800018310547
21aug2020,497.4800109863281,3284.719970703125,1580.420043945313,213.0200042724609
24aug2020,503.4299926757813,3307.4599609375,1588.199951171875,213.6900024414063
25aug2020,499.2999877929688,3346.489990234375,1608.219970703125,216.4700012207031
26aug2020,506.0899963378906,3441.85009765625,1652.380004882813,221.1499938964844
27aug2020,500.0400085449219,3400,1634.329956054688,226.5800018310547
28aug2020,499.2300109863281,3401.800048828125,1644.410034179688,228.9100036621094
31aug2020,129.0399932861328,3450.9599609375,1634.180053710938,225.5299987792969
01sep2020,134.1799926757813,3499.1201171875,1660.7099609375,227.2700042724609
02sep2020,131.3999938964844,3531.449951171875,1728.280029296875,231.6499938964844
03sep2020,120.879997253418,3368,1641.839965820313,217.3000030517578
04sep2020,120.9599990844727,3294.6201171875,1591.0400390625,214.25
08sep2020,112.8199996948242,3149.840087890625,1532.390014648438,202.6600036621094
09sep2020,117.3199996948242,3268.610107421875,1556.9599609375,211.2899932861328
10sep2020,113.4899978637695,3175.110107421875,1532.02001953125,205.3699951171875
11sep2020,112,3116.219970703125,1520.719970703125,204.0299987792969
14sep2020,115.3550033569336,3102.969970703125,1519.280029296875,205.4100036621094
15sep2020,115.5400009155273,3156.1298828125,1541.43994140625,208.7799987792969
16sep2020,112.129997253418,3078.10009765625,1520.900024414063,205.0500030517578
17sep2020,110.3399963378906,3008.72998046875,1495.530029296875,202.9100036621094
18sep2020,106.8399963378906,2954.909912109375,1459.989990234375,200.3899993896484
21sep2020,110.0800018310547,2960.469970703125,1431.160034179688,202.5399932861328
22sep2020,111.8099975585938,3128.989990234375,1465.4599609375,207.4199981689453
23sep2020,107.120002746582,2999.860107421875,1415.2099609375,200.5899963378906
24sep2020,108.2200012207031,3019.7900390625,1428.2900390625,203.1900024414063
25sep2020,112.2799987792969,3095.1298828125,1444.9599609375,207.8200073242188
28sep2020,114.9599990844727,3174.050048828125,1464.52001953125,209.4400024414063
29sep2020,114.0899963378906,3144.8798828125,1469.329956054688,207.2599945068359
30sep2020,115.8099975585938,3148.72998046875,1469.599975585938,210.3300018310547
01oct2020,116.7900009155273,3221.260009765625,1490.089965820313,212.4600067138672
02oct2020,113.0199966430664,3125,1458.420043945313,206.1900024414063
05oct2020,116.5,3199.199951171875,1486.02001953125,210.3800048828125
06oct2020,113.1600036621094,3099.9599609375,1453.43994140625,205.9100036621094
07oct2020,115.0800018310547,3195.68994140625,1460.2900390625,209.8300018310547
08oct2020,114.9700012207031,3190.550048828125,1485.930053710938,210.5800018310547
09oct2020,116.9700012207031,3286.64990234375,1515.219970703125,215.8099975585938
12oct2020,124.4000015258789,3442.929931640625,1569.150024414063,221.3999938964844
13oct2020,121.0999984741211,3443.6298828125,1571.680053710938,222.8600006103516
14oct2020,121.1900024414063,3363.7099609375,1568.079956054688,220.8600006103516
15oct2020,120.7099990844727,3338.64990234375,1559.130004882813,219.6600036621094
16oct2020,119.0199966430664,3272.7099609375,1573.010009765625,219.6600036621094
19oct2020,115.9800033569336,3207.2099609375,1534.609985351563,214.2200012207031
20oct2020,117.5100021362305,3217.010009765625,1555.930053710938,214.6499938964844
21oct2020,116.870002746582,3184.93994140625,1593.31005859375,214.8000030517578
22oct2020,115.75,3176.39990234375,1615.329956054688,214.8899993896484
23oct2020,115.0400009155273,3204.39990234375,1641,216.2299957275391
26oct2020,115.0500030517578,3207.0400390625,1590.449951171875,210.0800018310547
27oct2020,116.5999984741211,3286.330078125,1604.260009765625,213.25
28oct2020,111.1999969482422,3162.780029296875,1516.619995117188,202.6799926757813
29oct2020,115.3199996948242,3211.010009765625,1567.239990234375,204.7200012207031
30oct2020,108.8600006103516,3036.14990234375,1621.010009765625,202.4700012207031
02nov2020,108.7699966430664,3004.47998046875,1626.030029296875,202.3300018310547
03nov2020,110.4400024414063,3048.409912109375,1650.2099609375,206.4299926757813
04nov2020,114.9499969482422,3241.159912109375,1749.130004882813,216.3899993896484
05nov2020,119.0299987792969,3322,1763.369995117188,223.2899932861328
06nov2020,118.6900024414063,3311.3701171875,1761.75,223.7200012207031
09nov2020,116.3199996948242,3143.739990234375,1763,218.3899993896484
10nov2020,115.9700012207031,3035.02001953125,1740.390014648438,211.0099945068359
11nov2020,119.4899978637695,3137.389892578125,1752.7099609375,216.5500030517578
12nov2020,119.2099990844727,3110.280029296875,1749.839965820313,215.4400024414063
13nov2020,119.2600021362305,3128.81005859375,1777.02001953125,216.5099945068359
16nov2020,120.3000030517578,3131.06005859375,1781.380004882813,217.2299957275391
17nov2020,119.3899993896484,3135.659912109375,1770.150024414063,214.4600067138672
18nov2020,118.0299987792969,3105.4599609375,1746.780029296875,211.0800018310547
19nov2020,118.6399993896484,3117.02001953125,1763.920043945313,212.4199981689453
20nov2020,117.3399963378906,3099.39990234375,1742.18994140625,210.3899993896484
23nov2020,113.8499984741211,3098.389892578125,1734.859985351563,210.1100006103516
24nov2020,115.1699981689453,3118.06005859375,1768.880004882813,213.8600006103516
25nov2020,116.0299987792969,3185.070068359375,1771.430053710938,213.8699951171875
27nov2020,116.5899963378906,3195.340087890625,1793.18994140625,215.2299957275391
30nov2020,119.0500030517578,3168.0400390625,1760.739990234375,214.0700073242188
01dec2020,122.7200012207031,3220.080078125,1798.099975585938,216.2100067138672
02dec2020,123.0800018310547,3203.530029296875,1827.949951171875,215.3699951171875
03dec2020,122.9400024414063,3186.72998046875,1826.77001953125,214.2400054931641
04dec2020,122.25,3162.580078125,1827.989990234375,214.3600006103516
07dec2020,123.75,3158,1819.47998046875,214.2899932861328
08dec2020,124.379997253418,3177.2900390625,1818.550048828125,216.0099945068359
09dec2020,121.7799987792969,3104.199951171875,1784.130004882813,211.8000030517578
10dec2020,123.2399978637695,3101.489990234375,1775.329956054688,210.5200042724609
11dec2020,122.4100036621094,3116.419921875,1781.77001953125,213.2599945068359
14dec2020,121.7799987792969,3156.969970703125,1760.06005859375,214.1999969482422
15dec2020,127.879997253418,3165.1201171875,1767.77001953125,214.1300048828125
16dec2020,127.8099975585938,3240.9599609375,1763,219.2799987792969
17dec2020,128.6999969482422,3236.080078125,1747.900024414063,219.4199981689453
18dec2020,126.6549987792969,3201.64990234375,1731.010009765625,218.5899963378906
21dec2020,128.2299957275391,3206.179931640625,1739.369995117188,222.5899963378906
22dec2020,131.8800048828125,3206.52001953125,1723.5,223.9400024414063
23dec2020,130.9600067138672,3185.27001953125,1732.380004882813,221.0200042724609
24dec2020,131.9700012207031,3172.68994140625,1738.849975585938,222.75
28dec2020,136.6900024414063,3283.9599609375,1776.089965820313,224.9600067138672
29dec2020,134.8699951171875,3322,1758.719970703125,224.1499938964844
30dec2020,133.7200012207031,3285.85009765625,1739.52001953125,221.6799926757813
31dec2020,132.6900024414063,3256.929931640625,1751.880004882813,222.4199981689453
